Command,Intent
Play the song by artist,Play_Music_Spotify
Play artist's song by artist,Play_Music_Spotify
Play the latest song by artist,Play_Music_Spotify
Play the latest song by artist,Play_Music_Spotify
Play the song by artist on Spotify by artist,Play_Music_Spotify
Play some music by artist,Play_Music_Spotify
Play song by artist,Play_Music_Spotify
Play song by artist,Play_Music_Spotify
Play song by artist,Play_Music_Spotify
Play the latest song by artist,Play_Music_Spotify
Play the song by artist on Spotify by artist,Play_Music_Spotify
Play artist's music by artist,Play_Music_Spotify
Play artist's song by artist,Play_Music_Spotify
Play artist's song by artist,Play_Music_Spotify
Play the track by artist,Play_Music_Spotify
Play some music by artist,Play_Music_Spotify
Play the song by artist,Play_Music_Spotify
Play a track by artist,Play_Music_Spotify
Play some music by artist,Play_Music_Spotify
Play music by artist,Play_Music_Spotify
Play artist's song by artist,Play_Music_Spotify
Play artist's song by artist,Play_Music_Spotify
Play the latest song by artist,Play_Music_Spotify
Play music by artist,Play_Music_Spotify
Play song by artist,Play_Music_Spotify
Play artist's music by artist,Play_Music_Spotify
Play the song by artist on Spotify by artist,Play_Music_Spotify
Play artist's music by artist,Play_Music_Spotify
Play the song by artist on Spotify by artist,Play_Music_Spotify
Play the latest song by artist,Play_Music_Spotify
Play artist on Spotify by artist,Play_Music_Spotify
Play the track by artist,Play_Music_Spotify
Play artist's music by artist,Play_Music_Spotify
Play the song by artist on Spotify by artist,Play_Music_Spotify
Play some music by artist,Play_Music_Spotify
Play artist's song by artist,Play_Music_Spotify
Play music by artist,Play_Music_Spotify
Play a track by artist,Play_Music_Spotify
Play the song by artist on Spotify by artist,Play_Music_Spotify
Play the track by artist,Play_Music_Spotify
Play song by artist,Play_Music_Spotify
Play some music by artist,Play_Music_Spotify
Play the track by artist,Play_Music_Spotify
Play the song by artist,Play_Music_Spotify
Play a track by artist,Play_Music_Spotify
Play artist's song by artist,Play_Music_Spotify
Play the latest song by artist,Play_Music_Spotify
Play artist's song by artist,Play_Music_Spotify
Play the track by artist,Play_Music_Spotify
Play the latest song by artist,Play_Music_Spotify
Play artist's music by artist,Play_Music_Spotify
Play some music by artist,Play_Music_Spotify
Play artist's music by artist,Play_Music_Spotify
Play artist's music by artist,Play_Music_Spotify
Play the song by artist,Play_Music_Spotify
Play song by artist,Play_Music_Spotify
Play a track by artist,Play_Music_Spotify
Play the latest song by artist,Play_Music_Spotify
Play song by artist,Play_Music_Spotify
Play artist on Spotify by artist,Play_Music_Spotify
Play artist's music by artist,Play_Music_Spotify
Play artist's music by artist,Play_Music_Spotify
Play artist on Spotify by artist,Play_Music_Spotify
Play the latest song by artist,Play_Music_Spotify
Play the song by artist on Spotify by artist,Play_Music_Spotify
Play the song by artist,Play_Music_Spotify
Play the song by artist,Play_Music_Spotify
Play the latest song by artist,Play_Music_Spotify
Play music by artist,Play_Music_Spotify
Play the song by artist on Spotify by artist,Play_Music_Spotify
Play song by artist,Play_Music_Spotify
Play the song by artist on Spotify by artist,Play_Music_Spotify
Play song by artist,Play_Music_Spotify
Play some music by artist,Play_Music_Spotify
Play artist's music by artist,Play_Music_Spotify
Play the track by artist,Play_Music_Spotify
Play artist's music by artist,Play_Music_Spotify
Play artist's song by artist,Play_Music_Spotify
Play artist on Spotify by artist,Play_Music_Spotify
Play the song by artist,Play_Music_Spotify
Play artist's song by artist,Play_Music_Spotify
Play the song by artist,Play_Music_Spotify
Play the latest song by artist,Play_Music_Spotify
Play the latest song by artist,Play_Music_Spotify
Play the latest song by artist,Play_Music_Spotify
Play a track by artist,Play_Music_Spotify
Play artist's music by artist,Play_Music_Spotify
Play the latest song by artist,Play_Music_Spotify
Play music by artist,Play_Music_Spotify
Play a track by artist,Play_Music_Spotify
Play the song by artist,Play_Music_Spotify
Play some music by artist,Play_Music_Spotify
Play artist's music by artist,Play_Music_Spotify
Play the latest song by artist,Play_Music_Spotify
Play artist on Spotify by artist,Play_Music_Spotify
Play artist's song by artist,Play_Music_Spotify
Play the track by artist,Play_Music_Spotify
Play the track by artist,Play_Music_Spotify
Play some music by artist,Play_Music_Spotify
Play music by artist,Play_Music_Spotify
Play the track by artist,Play_Music_Spotify
Play artist on Spotify by artist,Play_Music_Spotify
Play a track by artist,Play_Music_Spotify
Play the song by artist on Spotify by artist,Play_Music_Spotify
Play artist's music by artist,Play_Music_Spotify
Play song by artist,Play_Music_Spotify
Play the track by artist,Play_Music_Spotify
Play song by artist,Play_Music_Spotify
Play some music by artist,Play_Music_Spotify
Play the track by artist,Play_Music_Spotify
Play the latest song by artist,Play_Music_Spotify
Play the song by artist on Spotify by artist,Play_Music_Spotify
Play music by artist,Play_Music_Spotify
Play the song by artist on Spotify by artist,Play_Music_Spotify
Play song by artist,Play_Music_Spotify
Play artist on Spotify by artist,Play_Music_Spotify
Play the latest song by artist,Play_Music_Spotify
Play artist's song by artist,Play_Music_Spotify
Play artist's music by artist,Play_Music_Spotify
Play the song by artist,Play_Music_Spotify
Play artist's song by artist,Play_Music_Spotify
Play the track by artist,Play_Music_Spotify
Play the song by artist on Spotify by artist,Play_Music_Spotify
Play the track by artist,Play_Music_Spotify
Play the track by artist,Play_Music_Spotify
Play artist's music by artist,Play_Music_Spotify
Play artist's music by artist,Play_Music_Spotify
Play song by artist,Play_Music_Spotify
Play song by artist,Play_Music_Spotify
Play the song by artist,Play_Music_Spotify
Play the song by artist,Play_Music_Spotify
Play artist's music by artist,Play_Music_Spotify
Play the song by artist on Spotify by artist,Play_Music_Spotify
Play a track by artist,Play_Music_Spotify
Play the song by artist on Spotify by artist,Play_Music_Spotify
Play the song by artist,Play_Music_Spotify
Play some music by artist,Play_Music_Spotify
Play some music by artist,Play_Music_Spotify
Play artist on Spotify by artist,Play_Music_Spotify
Play song by artist,Play_Music_Spotify
Play music by artist,Play_Music_Spotify
Play the track by artist,Play_Music_Spotify
Play artist's song by artist,Play_Music_Spotify
Play the latest song by artist,Play_Music_Spotify
Play the song by artist on Spotify by artist,Play_Music_Spotify
Play the latest song by artist,Play_Music_Spotify
Play the track by artist,Play_Music_Spotify
Play the song by artist on Spotify by artist,Play_Music_Spotify
Play artist's music by artist,Play_Music_Spotify
Play the latest song by artist,Play_Music_Spotify
Play music by artist,Play_Music_Spotify
Play artist on Spotify by artist,Play_Music_Spotify
Play the latest song by artist,Play_Music_Spotify
Play the track by artist,Play_Music_Spotify
Play artist's music by artist,Play_Music_Spotify
Play some music by artist,Play_Music_Spotify
Play the latest song by artist,Play_Music_Spotify
Play the track by artist,Play_Music_Spotify
Play music by artist,Play_Music_Spotify
Play artist's music by artist,Play_Music_Spotify
Play artist's song by artist,Play_Music_Spotify
Play music by artist,Play_Music_Spotify
Play song by artist,Play_Music_Spotify
Play some music by artist,Play_Music_Spotify
Play the song by artist on Spotify by artist,Play_Music_Spotify
Play artist's song by artist,Play_Music_Spotify
Play a track by artist,Play_Music_Spotify
Play some music by artist,Play_Music_Spotify
Play a track by artist,Play_Music_Spotify
Play some music by artist,Play_Music_Spotify
Play the track by artist,Play_Music_Spotify
Play a track by artist,Play_Music_Spotify
Play the track by artist,Play_Music_Spotify
Play the song by artist,Play_Music_Spotify
Play the latest song by artist,Play_Music_Spotify
Play music by artist,Play_Music_Spotify
Play the latest song by artist,Play_Music_Spotify
Play some music by artist,Play_Music_Spotify
Play artist's song by artist,Play_Music_Spotify
Play the track by artist,Play_Music_Spotify
Play music by artist,Play_Music_Spotify
Play the latest song by artist,Play_Music_Spotify
Play song by artist,Play_Music_Spotify
Play the song by artist,Play_Music_Spotify
Play artist's song by artist,Play_Music_Spotify
Play a track by artist,Play_Music_Spotify
Play the song by artist on Spotify by artist,Play_Music_Spotify
Play the song by artist,Play_Music_Spotify
Play some music by artist,Play_Music_Spotify
Play the song by artist,Play_Music_Spotify
Play the song by artist,Play_Music_Spotify
Play the track by artist,Play_Music_Spotify
Play some music by artist,Play_Music_Spotify
Play song by artist,Play_Music_Spotify
Play artist's music by artist,Play_Music_Spotify
Play artist's music by artist,Play_Music_Spotify
Play music by artist,Play_Music_Spotify
Play the song by artist,Play_Music_Spotify
Play the song by artist on Spotify by artist,Play_Music_Spotify
Play song by artist,Play_Music_Spotify
Play artist on Spotify by artist,Play_Music_Spotify
Play the latest song by artist,Play_Music_Spotify
Play a track by artist,Play_Music_Spotify
Play the track by artist,Play_Music_Spotify
Play some music by artist,Play_Music_Spotify
Play artist on Spotify by artist,Play_Music_Spotify
Play the song by artist,Play_Music_Spotify
Play some music by artist,Play_Music_Spotify
Play music by artist,Play_Music_Spotify
Play the track by artist,Play_Music_Spotify
Play some music by artist,Play_Music_Spotify
Play the song by artist,Play_Music_Spotify
Play the song by artist,Play_Music_Spotify
Play the track by artist,Play_Music_Spotify
Play the track by artist,Play_Music_Spotify
Play the song by artist,Play_Music_Spotify
Play song by artist,Play_Music_Spotify
Play artist's song by artist,Play_Music_Spotify
Play the track by artist,Play_Music_Spotify
Play the song by artist,Play_Music_Spotify
Play the song by artist on Spotify by artist,Play_Music_Spotify
Play artist's song by artist,Play_Music_Spotify
Play artist's song by artist,Play_Music_Spotify
Play song by artist,Play_Music_Spotify
Play artist's song by artist,Play_Music_Spotify
Play a track by artist,Play_Music_Spotify
Play some music by artist,Play_Music_Spotify
Play the track by artist,Play_Music_Spotify
Play song by artist,Play_Music_Spotify
Play song by artist,Play_Music_Spotify
Play music by artist,Play_Music_Spotify
Play the song by artist on Spotify by artist,Play_Music_Spotify
Play artist on Spotify by artist,Play_Music_Spotify
Play artist's song by artist,Play_Music_Spotify
Play some music by artist,Play_Music_Spotify
Play artist's song by artist,Play_Music_Spotify
Play the song by artist,Play_Music_Spotify
Play song by artist,Play_Music_Spotify
Play the song by artist,Play_Music_Spotify
Play the track by artist,Play_Music_Spotify
Play some music by artist,Play_Music_Spotify
Play song by artist,Play_Music_Spotify
Play artist's music by artist,Play_Music_Spotify
Play some music by artist,Play_Music_Spotify
Play the latest song by artist,Play_Music_Spotify
Play a track by artist,Play_Music_Spotify
Play artist's song by artist,Play_Music_Spotify
Play music by artist,Play_Music_Spotify
Play the song by artist,Play_Music_Spotify
Play music by artist,Play_Music_Spotify
Play a track by artist,Play_Music_Spotify
Play music by artist,Play_Music_Spotify
Play a track by artist,Play_Music_Spotify
Play the track by artist,Play_Music_Spotify
Play artist's music by artist,Play_Music_Spotify
Play artist's music by artist,Play_Music_Spotify
Play the latest song by artist,Play_Music_Spotify
Play music by artist,Play_Music_Spotify
Play the track by artist,Play_Music_Spotify
Play the track by artist,Play_Music_Spotify
Play music by artist,Play_Music_Spotify
Play artist on Spotify by artist,Play_Music_Spotify
Play the track by artist,Play_Music_Spotify
Play the song by artist on Spotify by artist,Play_Music_Spotify
Play some music by artist,Play_Music_Spotify
Play song by artist,Play_Music_Spotify
Play music by artist,Play_Music_Spotify
Play artist's music by artist,Play_Music_Spotify
Play music by artist,Play_Music_Spotify
Play artist's music by artist,Play_Music_Spotify
Play the track by artist,Play_Music_Spotify
Play artist on Spotify by artist,Play_Music_Spotify
Play artist's music by artist,Play_Music_Spotify
Play the latest song by artist,Play_Music_Spotify
Play artist's music by artist,Play_Music_Spotify
Play song by artist,Play_Music_Spotify
Play the latest song by artist,Play_Music_Spotify
Play the track by artist,Play_Music_Spotify
Play artist on Spotify by artist,Play_Music_Spotify
Play artist's music by artist,Play_Music_Spotify
Play music by artist,Play_Music_Spotify
Play song by artist,Play_Music_Spotify
Play a track by artist,Play_Music_Spotify
Play the song by artist,Play_Music_Spotify
Play artist on Spotify by artist,Play_Music_Spotify
Play the latest song by artist,Play_Music_Spotify
Play the song by artist,Play_Music_Spotify
Play a track by artist,Play_Music_Spotify
Play some music by artist,Play_Music_Spotify
Play a track by artist,Play_Music_Spotify
Play the song by artist,Play_Music_Spotify
Play song by artist,Play_Music_Spotify
Play the track by artist,Play_Music_Spotify
Play the track by artist,Play_Music_Spotify
Play the track by artist,Play_Music_Spotify
Play the song by artist on Spotify by artist,Play_Music_Spotify
Play a track by artist,Play_Music_Spotify
Play a track by artist,Play_Music_Spotify
Play the song by artist on Spotify by artist,Play_Music_Spotify
Play song by artist,Play_Music_Spotify
Play artist's song by artist,Play_Music_Spotify
Play artist on Spotify by artist,Play_Music_Spotify
Play the song by artist,Play_Music_Spotify
Play some music by artist,Play_Music_Spotify
Play a track by artist,Play_Music_Spotify
Play artist's song by artist,Play_Music_Spotify
Play music by artist,Play_Music_Spotify
Play artist's song by artist,Play_Music_Spotify
Play the track by artist,Play_Music_Spotify
Play artist's music by artist,Play_Music_Spotify
Play artist's song by artist,Play_Music_Spotify
Play the track by artist,Play_Music_Spotify
Play the song by artist,Play_Music_Spotify
Play artist's music by artist,Play_Music_Spotify
Play music by artist,Play_Music_Spotify
Play some music by artist,Play_Music_Spotify
Play artist on Spotify by artist,Play_Music_Spotify
Play the latest song by artist,Play_Music_Spotify
Play the track by artist,Play_Music_Spotify
Play the track by artist,Play_Music_Spotify
Play the latest song by artist,Play_Music_Spotify
Play artist's song by artist,Play_Music_Spotify
Play song by artist,Play_Music_Spotify
Play the track by artist,Play_Music_Spotify
Play a track by artist,Play_Music_Spotify
Play the song by artist on Spotify by artist,Play_Music_Spotify
Play the track by artist,Play_Music_Spotify
Play the track by artist,Play_Music_Spotify
Play the track by artist,Play_Music_Spotify
Play artist's song by artist,Play_Music_Spotify
Play artist's song by artist,Play_Music_Spotify
Play artist's song by artist,Play_Music_Spotify
Play a track by artist,Play_Music_Spotify
Play artist's song by artist,Play_Music_Spotify
Play music by artist,Play_Music_Spotify
Play a track by artist,Play_Music_Spotify
Play the song by artist,Play_Music_Spotify
Play a track by artist,Play_Music_Spotify
Play song by artist,Play_Music_Spotify
Play song by artist,Play_Music_Spotify
Play music by artist,Play_Music_Spotify
Play some music by artist,Play_Music_Spotify
Play the track by artist,Play_Music_Spotify
Play music by artist,Play_Music_Spotify
Play music by artist,Play_Music_Spotify
Play the track by artist,Play_Music_Spotify
Play music by artist,Play_Music_Spotify
Play song by artist,Play_Music_Spotify
Play artist's music by artist,Play_Music_Spotify
Play artist's song by artist,Play_Music_Spotify
Play song by artist,Play_Music_Spotify
Play artist's song by artist,Play_Music_Spotify
Play artist's song by artist,Play_Music_Spotify
Play music by artist,Play_Music_Spotify
Play a track by artist,Play_Music_Spotify
Play the song by artist on Spotify by artist,Play_Music_Spotify
Play the song by artist on Spotify by artist,Play_Music_Spotify
Play the track by artist,Play_Music_Spotify
Play the song by artist on Spotify by artist,Play_Music_Spotify
Play artist's music by artist,Play_Music_Spotify
Play the song by artist,Play_Music_Spotify
Play the latest song by artist,Play_Music_Spotify
Play artist's music by artist,Play_Music_Spotify
Play the song by artist,Play_Music_Spotify
Play song by artist,Play_Music_Spotify
Play some music by artist,Play_Music_Spotify
Play song by artist,Play_Music_Spotify
Play artist on Spotify by artist,Play_Music_Spotify
Play the song by artist on Spotify by artist,Play_Music_Spotify
Play music by artist,Play_Music_Spotify
Play the track by artist,Play_Music_Spotify
Play song by artist,Play_Music_Spotify
Play music by artist,Play_Music_Spotify
Play artist's music by artist,Play_Music_Spotify
Play artist's song by artist,Play_Music_Spotify
Play the track by artist,Play_Music_Spotify
Play artist's song by artist,Play_Music_Spotify
Play the song by artist,Play_Music_Spotify
Play some music by artist,Play_Music_Spotify
Play artist's song by artist,Play_Music_Spotify
Play artist on Spotify by artist,Play_Music_Spotify
Play the track by artist,Play_Music_Spotify
Play the song by artist,Play_Music_Spotify
Play the latest song by artist,Play_Music_Spotify
Play the track by artist,Play_Music_Spotify
Play artist's song by artist,Play_Music_Spotify
Play the song by artist,Play_Music_Spotify
Play artist's song by artist,Play_Music_Spotify
Play the song by artist,Play_Music_Spotify
Play the song by artist,Play_Music_Spotify
Play the latest song by artist,Play_Music_Spotify
Play the latest song by artist,Play_Music_Spotify
Play song by artist,Play_Music_Spotify
Play the track by artist,Play_Music_Spotify
Play the track by artist,Play_Music_Spotify
Play the song by artist on Spotify by artist,Play_Music_Spotify
Play artist's song by artist,Play_Music_Spotify
Play a track by artist,Play_Music_Spotify
Play some music by artist,Play_Music_Spotify
Play the song by artist on Spotify by artist,Play_Music_Spotify
Play the song by artist on Spotify by artist,Play_Music_Spotify
Play a track by artist,Play_Music_Spotify
Play the song by artist,Play_Music_Spotify
Play artist on Spotify by artist,Play_Music_Spotify
Play music by artist,Play_Music_Spotify
Play artist's music by artist,Play_Music_Spotify
Play the track by artist,Play_Music_Spotify
Play the latest song by artist,Play_Music_Spotify
Play the song by artist,Play_Music_Spotify
Play the song by artist on Spotify by artist,Play_Music_Spotify
Play the song by artist,Play_Music_Spotify
Play artist's music by artist,Play_Music_Spotify
Play the song by artist,Play_Music_Spotify
Play song by artist,Play_Music_Spotify
Play artist's music by artist,Play_Music_Spotify
Play the song by artist on Spotify by artist,Play_Music_Spotify
Play music by artist,Play_Music_Spotify
Play some music by artist,Play_Music_Spotify
Play music by artist,Play_Music_Spotify
Play the song by artist on Spotify by artist,Play_Music_Spotify
Play music by artist,Play_Music_Spotify
Play music by artist,Play_Music_Spotify
Play the song by artist,Play_Music_Spotify
Play the song by artist on Spotify by artist,Play_Music_Spotify
Play artist's song by artist,Play_Music_Spotify
Play artist's song by artist,Play_Music_Spotify
Play music by artist,Play_Music_Spotify
Play the song by artist,Play_Music_Spotify
Play some music by artist,Play_Music_Spotify
Play music by artist,Play_Music_Spotify
Play artist's music by artist,Play_Music_Spotify
Play the song by artist,Play_Music_Spotify
Play the song by artist,Play_Music_Spotify
Play the song by artist on Spotify by artist,Play_Music_Spotify
Play the latest song by artist,Play_Music_Spotify
Play some music by artist,Play_Music_Spotify
Play the track by artist,Play_Music_Spotify
Play the song by artist,Play_Music_Spotify
Play artist's song by artist,Play_Music_Spotify
Play music by artist,Play_Music_Spotify
Play a track by artist,Play_Music_Spotify
Play the latest song by artist,Play_Music_Spotify
Play a track by artist,Play_Music_Spotify
Play some music by artist,Play_Music_Spotify
Play a track by artist,Play_Music_Spotify
Play the latest song by artist,Play_Music_Spotify
Play the song by artist on Spotify by artist,Play_Music_Spotify
Play music by artist,Play_Music_Spotify
Play the song by artist on Spotify by artist,Play_Music_Spotify
Play the latest song by artist,Play_Music_Spotify
Play artist on Spotify by artist,Play_Music_Spotify
Play artist on Spotify by artist,Play_Music_Spotify
Play a track by artist,Play_Music_Spotify
Play artist's song by artist,Play_Music_Spotify
Play a track by artist,Play_Music_Spotify
Play some music by artist,Play_Music_Spotify
Play the latest song by artist,Play_Music_Spotify
Play artist's music by artist,Play_Music_Spotify
Play music by artist,Play_Music_Spotify
Play artist's music by artist,Play_Music_Spotify
Play song by artist,Play_Music_Spotify
Play a track by artist,Play_Music_Spotify
Play the track by artist,Play_Music_Spotify
Play the latest song by artist,Play_Music_Spotify
Play artist on Spotify by artist,Play_Music_Spotify
Play the track by artist,Play_Music_Spotify
Play the latest song by artist,Play_Music_Spotify
Play artist's music by artist,Play_Music_Spotify
Play music by artist,Play_Music_Spotify
Play song by artist,Play_Music_Spotify
Play the song by artist,Play_Music_Spotify
Play song by artist,Play_Music_Spotify
Play song by artist,Play_Music_Spotify
Play the latest song by artist,Play_Music_Spotify
Play the track by artist,Play_Music_Spotify
Play the track by artist,Play_Music_Spotify
Play the latest song by artist,Play_Music_Spotify
Play the song by artist on Spotify by artist,Play_Music_Spotify
Play music by artist,Play_Music_Spotify
Play a track by artist,Play_Music_Spotify
Play music by artist,Play_Music_Spotify
Play the song by artist,Play_Music_Spotify
Play the song by artist,Play_Music_Spotify
Play artist's music by artist,Play_Music_Spotify
Play the song by artist,Play_Music_Spotify
Play song by artist,Play_Music_Spotify
Play the track by artist,Play_Music_Spotify
Play artist's song by artist,Play_Music_Spotify
Play the song by artist on Spotify by artist,Play_Music_Spotify
Play the song by artist on Spotify by artist,Play_Music_Spotify
Play the song by artist,Play_Music_Spotify
Play music by artist,Play_Music_Spotify
Play the song by artist on Spotify by artist,Play_Music_Spotify
Play a track by artist,Play_Music_Spotify
Play artist's song by artist,Play_Music_Spotify
Play the track by artist,Play_Music_Spotify
Play artist on Spotify by artist,Play_Music_Spotify
Play the song by artist,Play_Music_Spotify
Play artist's song by artist,Play_Music_Spotify
Play artist's music by artist,Play_Music_Spotify
Hold the music,Pause_Music_Spotify
Pause Spotify,Pause_Music_Spotify
Pause this,Pause_Music_Spotify
Pause playback,Pause_Music_Spotify
Pause playback,Pause_Music_Spotify
Pause audio,Pause_Music_Spotify
Hold the music,Pause_Music_Spotify
Pause the tunes,Pause_Music_Spotify
Pause audio,Pause_Music_Spotify
Stop the music,Pause_Music_Spotify
Hold the music,Pause_Music_Spotify
Pause Spotify,Pause_Music_Spotify
Pause the track,Pause_Music_Spotify
Pause this,Pause_Music_Spotify
Pause the music,Pause_Music_Spotify
Pause the track,Pause_Music_Spotify
Pause song,Pause_Music_Spotify
Stop the music,Pause_Music_Spotify
Hold the music,Pause_Music_Spotify
Pause the track,Pause_Music_Spotify
Pause playback,Pause_Music_Spotify
Pause audio,Pause_Music_Spotify
Pause the tunes,Pause_Music_Spotify
Pause the track,Pause_Music_Spotify
Pause audio,Pause_Music_Spotify
Pause the track,Pause_Music_Spotify
Pause the track,Pause_Music_Spotify
Pause song,Pause_Music_Spotify
Pause playback,Pause_Music_Spotify
Pause this,Pause_Music_Spotify
Pause the tunes,Pause_Music_Spotify
Pause this,Pause_Music_Spotify
Pause Spotify,Pause_Music_Spotify
Pause the music,Pause_Music_Spotify
Pause the music,Pause_Music_Spotify
Pause the track,Pause_Music_Spotify
Pause audio,Pause_Music_Spotify
Pause the music,Pause_Music_Spotify
Stop the music,Pause_Music_Spotify
Pause audio,Pause_Music_Spotify
Pause audio,Pause_Music_Spotify
Pause the tunes,Pause_Music_Spotify
Pause the music,Pause_Music_Spotify
Pause the track,Pause_Music_Spotify
Pause audio,Pause_Music_Spotify
Pause this,Pause_Music_Spotify
Pause this,Pause_Music_Spotify
Hold the music,Pause_Music_Spotify
Pause audio,Pause_Music_Spotify
Pause playback,Pause_Music_Spotify
Skip track,Skip_Music_Spotify
Next song please,Skip_Music_Spotify
Skip,Skip_Music_Spotify
Skip this,Skip_Music_Spotify
Next music,Skip_Music_Spotify
Next song,Skip_Music_Spotify
Skip forward,Skip_Music_Spotify
Skip,Skip_Music_Spotify
Skip this,Skip_Music_Spotify
Skip this,Skip_Music_Spotify
Skip the music,Skip_Music_Spotify
Skip forward,Skip_Music_Spotify
Skip track,Skip_Music_Spotify
Next music,Skip_Music_Spotify
Skip track,Skip_Music_Spotify
Skip,Skip_Music_Spotify
Next tune,Skip_Music_Spotify
Skip,Skip_Music_Spotify
Next song please,Skip_Music_Spotify
Skip,Skip_Music_Spotify
Skip this,Skip_Music_Spotify
Next tune,Skip_Music_Spotify
Skip,Skip_Music_Spotify
Next track,Skip_Music_Spotify
Skip forward,Skip_Music_Spotify
Next song please,Skip_Music_Spotify
Next music,Skip_Music_Spotify
Skip this,Skip_Music_Spotify
Skip,Skip_Music_Spotify
Next song please,Skip_Music_Spotify
Next tune,Skip_Music_Spotify
Skip track,Skip_Music_Spotify
Next song please,Skip_Music_Spotify
Skip forward,Skip_Music_Spotify
Skip track,Skip_Music_Spotify
Skip forward,Skip_Music_Spotify
Skip the music,Skip_Music_Spotify
Skip this,Skip_Music_Spotify
Next music,Skip_Music_Spotify
Next track,Skip_Music_Spotify
Skip forward,Skip_Music_Spotify
Next song please,Skip_Music_Spotify
Skip the music,Skip_Music_Spotify
Skip the music,Skip_Music_Spotify
Skip the music,Skip_Music_Spotify
Skip forward,Skip_Music_Spotify
Skip track,Skip_Music_Spotify
Skip this,Skip_Music_Spotify
Skip,Skip_Music_Spotify
Skip track,Skip_Music_Spotify
Increase volume,Volume_Increase_Spotify
Turn the volume up,Volume_Increase_Spotify
Turn up the music,Volume_Increase_Spotify
Turn up the music,Volume_Increase_Spotify
Louder,Volume_Increase_Spotify
Up the volume,Volume_Increase_Spotify
Volume up,Volume_Increase_Spotify
Increase volume,Volume_Increase_Spotify
Increase volume,Volume_Increase_Spotify
Make it louder,Volume_Increase_Spotify
Raise the volume,Volume_Increase_Spotify
Increase the volume,Volume_Increase_Spotify
Increase volume,Volume_Increase_Spotify
Volume up,Volume_Increase_Spotify
Up the volume,Volume_Increase_Spotify
Increase volume,Volume_Increase_Spotify
Raise the volume,Volume_Increase_Spotify
Up the volume,Volume_Increase_Spotify
Make it louder,Volume_Increase_Spotify
Raise the volume,Volume_Increase_Spotify
Turn the volume up,Volume_Increase_Spotify
Turn the volume up,Volume_Increase_Spotify
Volume up,Volume_Increase_Spotify
Volume up,Volume_Increase_Spotify
Louder,Volume_Increase_Spotify
Turn it up,Volume_Increase_Spotify
Make it louder,Volume_Increase_Spotify
Raise the volume,Volume_Increase_Spotify
Make it louder,Volume_Increase_Spotify
Make it louder,Volume_Increase_Spotify
Turn up the music,Volume_Increase_Spotify
Make it louder,Volume_Increase_Spotify
Turn up the music,Volume_Increase_Spotify
Turn the volume up,Volume_Increase_Spotify
Turn it up,Volume_Increase_Spotify
Volume up,Volume_Increase_Spotify
Turn the volume up,Volume_Increase_Spotify
Volume up,Volume_Increase_Spotify
Increase volume,Volume_Increase_Spotify
Turn up the music,Volume_Increase_Spotify
Louder,Volume_Increase_Spotify
Make it louder,Volume_Increase_Spotify
Louder,Volume_Increase_Spotify
Increase the volume,Volume_Increase_Spotify
Increase the volume,Volume_Increase_Spotify
Turn up the music,Volume_Increase_Spotify
Turn up the music,Volume_Increase_Spotify
Increase the volume,Volume_Increase_Spotify
Up the volume,Volume_Increase_Spotify
Up the volume,Volume_Increase_Spotify
Decrease the volume,Volume_Decrease_Spotify
Make it quieter,Volume_Decrease_Spotify
Decrease the volume,Volume_Decrease_Spotify
Volume down,Volume_Decrease_Spotify
Turn it down,Volume_Decrease_Spotify
Make it quieter,Volume_Decrease_Spotify
Down the volume,Volume_Decrease_Spotify
Volume down,Volume_Decrease_Spotify
Decrease volume,Volume_Decrease_Spotify
Lower the volume,Volume_Decrease_Spotify
Turn down the music,Volume_Decrease_Spotify
Turn down the music,Volume_Decrease_Spotify
Turn down the music,Volume_Decrease_Spotify
Volume down,Volume_Decrease_Spotify
Turn the volume down,Volume_Decrease_Spotify
Volume down,Volume_Decrease_Spotify
Decrease the volume,Volume_Decrease_Spotify
Make it quieter,Volume_Decrease_Spotify
Make it quieter,Volume_Decrease_Spotify
Quieter,Volume_Decrease_Spotify
Quieter,Volume_Decrease_Spotify
Make it quieter,Volume_Decrease_Spotify
Turn down the music,Volume_Decrease_Spotify
Lower the volume,Volume_Decrease_Spotify
Decrease volume,Volume_Decrease_Spotify
Turn down the music,Volume_Decrease_Spotify
Decrease volume,Volume_Decrease_Spotify
Turn it down,Volume_Decrease_Spotify
Make it quieter,Volume_Decrease_Spotify
Lower the volume,Volume_Decrease_Spotify
Decrease volume,Volume_Decrease_Spotify
Make it quieter,Volume_Decrease_Spotify
Lower the volume,Volume_Decrease_Spotify
Turn the volume down,Volume_Decrease_Spotify
Make it quieter,Volume_Decrease_Spotify
Quieter,Volume_Decrease_Spotify
Turn it down,Volume_Decrease_Spotify
Decrease the volume,Volume_Decrease_Spotify
Down the volume,Volume_Decrease_Spotify
Decrease volume,Volume_Decrease_Spotify
Turn it down,Volume_Decrease_Spotify
Volume down,Volume_Decrease_Spotify
Quieter,Volume_Decrease_Spotify
Decrease the volume,Volume_Decrease_Spotify
Quieter,Volume_Decrease_Spotify
Volume down,Volume_Decrease_Spotify
Turn it down,Volume_Decrease_Spotify
Make it quieter,Volume_Decrease_Spotify
Turn down the music,Volume_Decrease_Spotify
Turn down the music,Volume_Decrease_Spotify
